time,0,1,2,3,4,5,6,7,8,9,10,11,12,13,14,15,16,17,18,19,20,21,22,23
1722356527.8973248,5100.000,5100.000,3975.810,800.000,800.000,800.000,800.000,800.000,800.000,800.000,800.000,800.000,800.000,800.000,800.000,800.000,800.000,800.000,800.000,1244.784,800.000,800.000,800.000,800.000
1722356528.9114373,5100.000,5099.976,3904.965,800.000,800.000,800.000,800.000,800.000,800.000,800.000,800.000,800.000,800.000,800.000,800.000,800.000,800.000,800.000,800.000,975.155,800.000,800.000,800.000,800.000
1722356529.9259214,5100.000,5100.000,3776.929,800.000,800.000,800.000,800.000,800.000,800.000,800.000,800.000,800.000,800.000,800.000,800.000,800.000,800.000,800.000,800.000,1413.280,800.000,800.000,800.000,800.000
1722356530.948571,5100.000,5100.000,5100.000,800.000,5100.000,800.000,5100.000,800.000,4200.000,800.000,5100.000,800.000,4200.000,800.000,4200.000,800.000,3640.605,800.000,800.000,1717.908,800.000,800.000,800.000,800.000
1722356531.9676797,5100.000,5099.887,5100.000,800.000,5100.000,800.000,5100.000,800.000,5099.987,800.000,5100.000,800.000,5100.000,800.000,5100.012,800.000,3615.272,800.000,800.000,1612.368,800.000,800.000,800.000,800.000
1722356532.9864821,5078.227,5100.000,5059.216,800.000,5031.194,800.000,5000.000,800.000,5000.000,800.000,5031.191,800.000,5078.136,800.000,5078.181,800.000,3585.691,800.000,800.000,1391.345,800.000,800.000,800.000,800.000
1722356534.005578,5000.000,4999.094,5000.000,5031.023,5000.000,4864.823,5000.000,3979.514,5000.012,4846.937,5000.012,4994.683,5000.000,4866.013,5000.000,3419.187,3613.073,1185.266,1034.944,3694.140,1044.501,1144.022,961.547,930.059
1722356535.0238438,4949.288,4944.669,4949.325,4959.132,4949.324,4951.119,4949.317,4917.154,4949.325,4914.577,4949.313,4949.029,4949.290,4944.492,4949.317,4945.638,3603.641,1018.185,983.104,3698.659,876.345,1341.834,1171.175,904.961
1722356536.0434644,4900.000,4899.477,4900.000,800.000,4899.987,800.000,4900.000,800.000,4900.012,800.000,4900.000,800.000,4900.000,800.000,4900.000,800.000,3533.346,800.000,800.000,1249.450,800.000,800.000,800.000,800.000
1722356537.0622294,4898.475,4900.000,4898.438,800.000,4898.450,800.000,4898.429,800.000,4898.412,800.000,4898.469,800.000,4898.425,800.000,4898.415,800.000,3598.209,800.000,800.000,1141.335,800.000,800.000,800.000,800.000
1722356538.080746,4824.078,4837.365,4824.023,800.000,4824.035,800.000,4824.038,800.000,4824.021,800.000,4824.040,800.000,4824.021,800.000,4824.022,800.000,3569.060,800.000,800.000,1109.373,800.000,800.000,800.000,800.000
1722356539.0989435,4827.934,4828.505,4827.898,800.000,4827.886,800.000,4827.907,800.000,4827.902,800.000,4827.894,800.000,4827.913,800.000,4827.887,800.000,3512.009,800.000,800.000,1145.366,800.000,800.000,800.000,800.000
1722356540.1180787,4700.000,4695.599,4700.000,800.000,4700.000,800.000,4699.988,800.000,4700.000,800.000,4700.000,800.000,4700.000,800.000,4700.000,800.000,3593.493,800.000,800.000,1676.088,800.000,800.000,800.000,800.000
1722356541.1376417,3069.714,2999.981,3069.803,800.000,3069.805,800.000,3069.791,800.000,3069.805,800.000,3069.776,800.000,3069.785,800.000,3069.776,800.000,2648.526,800.000,800.000,1107.565,800.000,800.000,800.000,800.000
1722356542.1575289,3100.000,3100.000,3100.000,800.000,3100.000,800.000,3100.000,800.000,3099.992,800.000,3100.000,800.000,3100.000,800.000,3100.000,800.000,2673.078,800.000,800.000,1236.447,800.000,800.000,800.000,800.000
1722356543.1767511,3100.000,3099.962,3100.000,800.000,3100.000,800.000,3100.007,800.000,3099.992,800.000,3100.000,800.000,3099.992,800.000,3100.007,800.000,2582.069,800.000,800.000,2694.222,800.000,800.000,800.000,800.000
1722356544.1961095,3100.000,3100.000,3100.000,800.000,3100.000,800.000,3100.007,800.000,3099.992,800.000,3100.000,800.000,3100.000,800.000,3100.000,800.000,2660.187,800.000,800.000,1513.245,800.000,800.000,800.000,800.000
1722356545.2159808,3100.000,3100.000,3100.000,800.000,3100.000,800.000,3100.000,800.000,3100.007,800.000,3099.992,800.000,3100.000,800.000,3099.992,800.000,2659.946,800.000,800.000,1848.374,800.000,800.000,800.000,800.000
1722356546.2358463,3100.007,3100.049,3100.000,800.000,3100.000,800.000,3100.000,800.000,3100.007,800.000,3100.000,800.000,3100.000,800.000,3100.000,800.000,2658.956,800.000,800.000,1549.335,800.000,800.000,800.000,800.000
1722356547.2557046,3100.007,3100.000,3100.000,800.000,3100.000,800.000,3100.007,800.000,3100.000,800.000,3100.000,800.000,3099.992,800.000,3100.000,800.000,2620.957,800.000,800.000,1232.473,800.000,800.000,800.000,800.000
1722356548.2748728,3100.000,3099.978,3099.992,800.000,3100.007,800.000,3099.992,800.000,3099.992,800.000,3100.007,800.000,3100.000,800.000,3100.000,800.000,2647.087,800.000,800.000,1441.259,800.000,800.000,800.000,800.000
1722356549.2948067,3100.000,3183.432,3100.000,800.000,3100.007,800.000,3099.992,800.000,3100.000,800.000,3100.000,800.000,3100.007,800.000,3100.000,800.000,2649.747,800.000,800.000,1463.954,800.000,800.000,800.000,800.000
1722356550.3148203,3099.992,3099.956,3099.992,800.000,3100.000,800.000,3100.000,800.000,3100.000,800.000,3100.000,800.000,3100.000,800.000,3099.992,800.000,2651.863,800.000,800.000,1572.265,800.000,800.000,800.000,800.000
1722356551.3344615,3099.992,3100.000,3100.000,800.000,3100.000,800.000,3100.000,800.000,3100.000,800.000,3100.000,800.000,3099.992,800.000,3100.000,800.000,2699.927,2493.277,800.000,1178.929,800.000,800.000,800.000,800.000
1722356552.354466,3100.000,3145.503,3100.000,800.000,3100.007,800.000,3100.000,800.000,3099.992,800.000,3100.007,800.000,3100.000,800.000,3099.992,800.000,2644.271,800.000,800.000,1565.162,800.000,800.000,800.000,800.000
1722356553.3745012,3100.007,3176.483,3099.992,800.000,3100.007,800.000,3100.000,800.000,3100.007,800.000,3100.000,800.000,3099.992,800.000,3100.000,800.000,2651.385,800.000,800.000,1655.791,800.000,800.000,800.000,800.000
1722356554.3944907,3100.000,3099.981,3100.007,800.000,3099.992,800.000,3100.000,800.000,3100.007,800.000,3100.000,800.000,3099.992,800.000,3100.007,800.000,2640.671,800.000,800.000,1425.081,800.000,800.000,800.000,800.000
1722356555.4145937,3099.992,3180.152,3100.007,800.000,3099.992,800.000,3100.000,800.000,3099.992,800.000,3100.000,800.000,3100.007,800.000,3100.007,800.000,2633.457,800.000,800.000,1514.394,800.000,800.000,800.000,800.000
1722356556.4345655,3100.000,3100.000,3099.992,800.000,3100.000,800.000,3100.000,800.000,3100.007,800.000,3100.000,800.000,3100.000,800.000,3100.000,800.000,2641.040,800.000,800.000,1413.040,800.000,800.000,800.000,800.000
1722356557.4545512,3099.992,3139.507,3100.007,800.000,3100.000,800.000,3100.000,800.000,3100.007,800.000,3100.000,800.000,3100.000,800.000,3100.000,800.000,2640.587,800.000,800.000,1508.237,800.000,800.000,800.000,800.000
1722356558.474513,3099.992,3100.000,3099.992,800.000,3100.007,800.000,3100.000,800.000,3100.007,800.000,3100.000,800.000,3100.000,800.000,3100.007,800.000,2642.428,800.000,800.000,1257.752,800.000,800.000,800.000,800.000
1722356559.4945054,3100.000,3121.484,3099.992,800.000,3100.000,800.000,3100.000,800.000,3099.992,800.000,3099.992,800.000,3100.000,800.000,3100.007,800.000,2638.681,800.000,800.000,1459.651,800.000,800.000,800.000,800.000
1722356560.5141976,3100.007,3103.730,3100.000,800.000,3100.007,800.000,3099.992,800.000,3100.007,800.000,3099.992,800.000,3100.000,800.000,3100.000,800.000,2641.831,800.000,800.000,1174.514,800.000,800.000,800.000,800.000
1722356561.5340695,3100.007,3101.040,3100.007,800.000,3100.000,800.000,3100.000,800.000,3099.992,800.000,3099.992,800.000,3100.000,800.000,3099.992,800.000,2644.893,800.000,800.000,1540.895,800.000,800.000,800.000,800.000
1722356562.5540905,3100.007,3176.951,3100.000,800.000,3100.000,800.000,3100.000,800.000,3099.992,800.000,3099.992,800.000,3100.000,800.000,3099.992,800.000,2644.770,800.000,800.000,1237.628,800.000,800.000,800.000,800.000
1722356563.573803,3100.000,3100.000,3100.000,800.000,3100.007,800.000,3099.992,800.000,3099.992,800.000,3100.000,800.000,3099.992,800.000,3099.992,800.000,2649.565,800.000,800.000,1470.993,800.000,800.000,800.000,800.000
1722356564.5935931,3100.007,3099.981,3099.992,800.000,3100.007,800.000,3100.007,800.000,3099.992,800.000,3099.992,800.000,3100.000,800.000,3100.000,800.000,2650.556,800.000,800.000,1459.237,800.000,800.000,800.000,800.000
1722356565.6135592,3100.000,3128.418,3100.000,800.000,3100.007,800.000,3100.000,800.000,3100.000,800.000,3100.007,800.000,3100.000,800.000,3100.000,800.000,2649.716,800.000,800.000,1435.505,800.000,800.000,800.000,800.000
1722356566.633571,3099.992,3134.261,3100.000,800.000,3100.007,800.000,3100.007,800.000,3099.992,800.000,3100.007,800.000,3100.007,800.000,3100.000,800.000,2645.242,800.000,800.000,1217.490,800.000,800.000,800.000,800.000
1722356567.6535964,3100.000,3099.978,3100.007,800.000,3100.000,800.000,3100.000,800.000,3099.992,800.000,3100.000,800.000,3100.007,800.000,3100.007,800.000,2646.510,800.000,800.000,1465.847,800.000,2288.257,800.000,800.000
1722356568.6733427,3100.007,3101.184,3100.000,800.000,3100.000,800.000,3100.000,800.000,3100.000,800.000,3100.000,800.000,3100.000,800.000,3100.000,800.000,2649.618,800.000,800.000,1166.941,800.000,800.000,800.000,800.000
1722356569.6932116,3099.992,3100.000,3099.992,800.000,3100.000,800.000,3100.000,800.000,3100.007,800.000,3100.000,800.000,3100.000,800.000,3100.000,800.000,2649.841,800.000,800.000,1450.789,800.000,800.000,800.000,800.000
1722356570.7132783,3100.007,3100.000,3100.000,800.000,3100.007,800.000,3100.000,800.000,3099.992,800.000,3100.007,800.000,3100.000,800.000,3100.000,800.000,2649.605,800.000,800.000,1194.943,800.000,800.000,800.000,800.000
1722356571.7332203,3099.992,3099.981,3099.992,800.000,3100.007,800.000,3100.007,800.000,3100.000,800.000,3100.000,800.000,3100.000,800.000,3100.007,800.000,2651.297,800.000,800.000,1369.388,800.000,800.000,800.000,800.000
1722356572.7531455,3100.000,3099.978,3100.000,800.000,3100.000,800.000,3100.000,800.000,3100.000,800.000,3100.007,800.000,3100.000,800.000,3099.992,800.000,2650.518,800.000,800.000,1164.935,800.000,800.000,800.000,800.000
1722356573.773155,3099.992,3100.000,3100.000,800.000,3100.000,800.000,3100.007,800.000,3100.000,800.000,3100.000,800.000,3100.000,800.000,3100.007,800.000,2652.977,800.000,800.000,2704.761,800.000,800.000,800.000,800.000
1722356574.7930639,3099.992,3100.541,3100.000,800.000,3100.000,800.000,3100.000,800.000,3100.000,800.000,3100.007,800.000,3100.007,800.000,3099.992,800.000,2651.610,800.000,800.000,2701.448,800.000,800.000,800.000,800.000
1722356575.8132844,3100.000,3100.000,3100.000,800.000,3100.007,800.000,3100.000,800.000,3100.000,800.000,3100.007,800.000,3100.000,800.000,3100.000,800.000,2651.681,800.000,800.000,1256.228,800.000,800.000,800.000,800.000
1722356576.8333442,3100.007,3099.981,3100.007,800.000,3100.007,800.000,3100.007,800.000,3100.000,800.000,3100.000,800.000,3100.007,800.000,3100.000,800.000,2650.634,800.000,800.000,1708.206,800.000,800.000,800.000,800.000
1722356577.8522258,3099.992,3100.021,3100.000,800.000,3100.000,800.000,3100.000,800.000,3099.992,800.000,3100.007,800.000,3099.992,800.000,3100.000,800.000,2699.997,800.000,800.000,2697.500,800.000,800.000,800.000,800.000
1722356578.8720531,3100.007,3099.950,3100.007,800.000,3100.000,800.000,3100.000,800.000,3100.000,800.000,3100.000,800.000,3099.992,800.000,3100.000,800.000,2651.216,800.000,800.000,1313.844,800.000,800.000,800.000,800.000
1722356579.8919797,3099.992,3101.597,3100.000,800.000,3100.007,800.000,3100.000,800.000,3099.992,800.000,3099.992,800.000,3100.007,800.000,3100.000,800.000,2647.570,800.000,800.000,1510.868,800.000,800.000,800.000,800.000
1722356580.9118755,3100.000,3100.505,3100.000,800.000,3099.992,800.000,3100.000,800.000,3100.000,800.000,3100.007,800.000,3099.992,800.000,3100.000,800.000,2653.680,800.000,800.000,1097.099,800.000,800.000,800.000,800.000
1722356581.9317944,3100.007,3099.994,3099.992,800.000,3100.000,800.000,3100.007,800.000,3100.000,800.000,3100.000,800.000,3099.992,800.000,3100.000,800.000,2648.060,800.000,800.000,1300.402,800.000,800.000,800.000,800.000
1722356582.9517636,3100.000,3100.086,3099.992,800.000,3100.000,800.000,3100.007,800.000,3100.000,800.000,3099.992,800.000,3100.007,800.000,3100.000,800.000,2654.733,800.000,800.000,1312.259,800.000,800.000,800.000,800.000
1722356583.9709508,3100.000,3163.004,3100.007,800.000,3100.007,800.000,3099.992,800.000,3100.007,800.000,3099.992,800.000,3100.000,800.000,3100.007,800.000,2641.040,800.000,800.000,1378.624,800.000,800.000,800.000,800.000
1722356584.9909008,3100.000,3099.956,3099.992,800.000,3100.000,800.000,3100.000,800.000,3100.000,800.000,3100.007,800.000,3100.000,800.000,3100.007,800.000,2638.498,800.000,800.000,1175.293,800.000,800.000,800.000,800.000
1722356586.0108068,3100.000,3149.675,3100.000,800.000,3099.992,800.000,3100.007,800.000,3100.000,800.000,3099.992,800.000,3099.992,800.000,3100.000,800.000,2640.327,800.000,800.000,1314.047,800.000,800.000,800.000,800.000
1722356587.0313895,3100.000,3100.005,3100.000,800.000,3100.007,800.000,3100.000,800.000,3100.000,800.000,3100.000,800.000,3100.000,800.000,3100.007,800.000,2653.142,800.000,800.000,1166.662,800.000,800.000,800.000,800.000
1722356588.051144,3099.992,3100.007,3100.000,800.000,3100.000,800.000,3100.000,800.000,3100.000,800.000,3099.992,800.000,3099.992,800.000,3100.007,800.000,2656.380,800.000,800.000,1449.007,800.000,800.000,800.000,800.000
1722356589.0716112,3099.992,3099.974,3099.992,800.000,3100.000,800.000,3100.000,800.000,3100.000,800.000,3100.007,800.000,3099.992,800.000,3099.992,800.000,2651.335,800.000,800.000,1265.121,800.000,800.000,1294.660,800.000
1722356590.0916972,3100.000,3099.994,3100.000,800.000,3100.007,800.000,3100.007,800.000,3100.007,800.000,3100.000,800.000,3100.007,800.000,3100.000,800.000,2632.979,800.000,800.000,1449.487,800.000,800.000,800.000,800.000
1722356591.1116745,3100.000,3100.007,3100.000,800.000,3100.000,800.000,3099.992,800.000,3100.000,800.000,3099.992,800.000,3100.000,800.000,3100.000,800.000,2634.073,800.000,1153.293,1209.248,800.000,800.000,800.000,800.000
1722356592.1309469,3099.992,3099.940,3100.007,800.000,3100.007,800.000,3100.007,800.000,3099.992,800.000,3100.000,800.000,3100.000,800.000,3100.000,800.000,2645.750,1138.615,800.000,1277.103,800.000,800.000,800.000,800.000
1722356593.1509476,3100.007,3126.882,3100.007,800.000,3099.992,800.000,3099.992,800.000,3100.000,800.000,3099.992,800.000,3100.000,800.000,3100.000,800.000,2639.149,1370.723,800.000,1108.441,800.000,800.000,800.000,800.000
1722356594.1708906,3100.000,3141.560,3100.000,800.000,3100.000,800.000,3100.000,800.000,3100.000,800.000,3099.992,800.000,3100.000,800.000,3099.992,800.000,2640.036,1490.974,800.000,1389.554,800.000,800.000,800.000,800.000
1722356595.1906195,3099.992,3099.970,3099.992,800.000,3100.000,800.000,3100.000,800.000,3099.992,800.000,3100.000,800.000,3100.000,800.000,3099.992,800.000,2639.816,1473.275,800.000,1156.609,800.000,800.000,800.000,800.000
1722356596.2105489,3100.007,3100.817,3100.000,800.000,3100.007,800.000,3100.007,800.000,3100.000,800.000,3099.992,800.000,3100.000,800.000,3100.000,800.000,2640.399,1203.561,800.000,1304.257,800.000,800.000,800.000,800.000
1722356597.23049,3100.007,3100.000,3100.007,800.000,3099.992,800.000,3099.992,800.000,3100.000,800.000,3100.007,800.000,3100.000,800.000,3099.992,800.000,2637.948,800.000,800.000,1179.487,800.000,800.000,800.000,800.000
1722356598.2505956,3100.000,3099.992,3100.000,800.000,3099.992,800.000,3099.992,800.000,3100.007,800.000,3100.000,800.000,3100.007,800.000,3100.000,800.000,2645.144,800.000,800.000,1314.186,800.000,800.000,800.000,800.000
1722356599.2705188,3100.007,3100.000,3100.000,800.000,3100.007,800.000,3100.000,800.000,3099.992,800.000,3100.007,800.000,3100.000,800.000,3100.000,800.000,2644.237,800.000,800.000,1269.981,800.000,800.000,800.000,800.000
1722356600.289589,3100.000,3171.298,3100.007,800.000,3099.992,800.000,3100.000,800.000,3099.992,800.000,3100.000,800.000,3099.992,800.000,3100.000,800.000,2658.357,800.000,800.000,1851.981,800.000,800.000,800.000,800.000
1722356601.3095367,3099.992,3100.000,3100.000,800.000,3100.000,800.000,3100.000,800.000,3100.000,800.000,3099.992,800.000,3100.007,800.000,3099.992,800.000,2652.398,800.000,800.000,1238.865,800.000,800.000,800.000,800.000
1722356602.3295102,3100.000,3100.000,3100.000,800.000,3100.000,800.000,3100.000,800.000,3099.992,800.000,3100.000,800.000,3100.007,800.000,3099.992,800.000,2653.072,800.000,800.000,1404.506,800.000,800.000,800.000,800.000
1722356603.3492575,3100.000,3100.000,3099.992,800.000,3099.992,800.000,3100.007,800.000,3100.000,800.000,3100.007,800.000,3100.000,800.000,3100.000,800.000,2650.128,800.000,800.000,1309.906,800.000,800.000,800.000,800.000
1722356604.369161,3099.992,3100.000,3100.000,800.000,3100.000,800.000,3100.000,800.000,3099.992,800.000,3100.000,800.000,3099.992,800.000,3100.000,800.000,2649.033,800.000,800.000,1245.175,800.000,800.000,800.000,800.000
1722356605.3896377,3141.067,3125.079,3141.018,800.000,3141.027,800.000,3141.030,800.000,3141.020,800.000,3141.023,800.000,3141.029,800.000,3141.018,800.000,2680.845,800.000,800.000,1367.740,800.000,800.000,800.000,800.000
1722356606.4095473,3100.007,3099.978,3099.992,800.000,3100.000,800.000,3099.992,800.000,3100.007,800.000,3100.000,800.000,3100.000,800.000,3100.007,800.000,2650.259,800.000,800.000,1383.883,800.000,800.000,800.000,800.000
1722356607.4293582,3100.000,3099.981,3100.000,800.000,3099.992,800.000,3100.007,800.000,3099.992,800.000,3100.007,800.000,3099.992,800.000,3100.000,800.000,2653.951,800.000,800.000,1282.340,800.000,800.000,800.000,800.000
1722356608.4492464,3100.000,3166.102,3100.007,800.000,3100.000,800.000,3099.992,800.000,3100.000,800.000,3100.000,800.000,3100.000,800.000,3100.007,800.000,2649.056,800.000,800.000,1312.931,800.000,800.000,800.000,800.000
1722356609.4692962,3100.000,3099.981,3100.007,800.000,3100.000,800.000,3100.000,800.000,3100.000,800.000,3100.000,800.000,3100.007,800.000,3100.000,800.000,2647.076,800.000,800.000,1371.324,800.000,800.000,800.000,800.000
1722356610.485389,3100.000,3100.000,3100.007,800.000,3100.000,800.000,3099.992,800.000,3100.000,800.000,3100.007,800.000,3099.992,800.000,3100.007,800.000,2634.962,800.000,800.000,1157.646,800.000,800.000,800.000,800.000
1722356611.5055895,3099.976,3099.978,3099.992,800.000,3100.000,800.000,3099.992,800.000,3100.000,800.000,3099.992,800.000,3099.992,800.000,3100.000,800.000,2654.026,800.000,800.000,1600.935,800.000,800.000,800.000,800.000
1722356612.5256038,3100.007,3100.890,3100.000,800.000,3100.000,800.000,3100.000,800.000,3099.992,800.000,3100.000,800.000,3099.992,800.000,3099.992,800.000,2647.134,800.000,1721.831,1155.230,800.000,800.000,800.000,800.000
1722356613.5453558,3100.007,3099.957,3100.000,800.000,3100.007,800.000,3100.007,800.000,3100.007,800.000,3099.992,800.000,3100.000,800.000,3099.992,800.000,2656.699,2700.401,800.000,2116.253,800.000,800.000,800.000,800.000
1722356614.5653844,3099.992,3137.953,3100.007,800.000,3100.000,800.000,3099.992,800.000,3100.000,800.000,3100.000,800.000,3100.007,800.000,3100.007,800.000,2653.513,800.000,800.000,1293.375,800.000,800.000,800.000,800.000
1722356615.5852365,3100.007,3100.000,3100.007,800.000,3099.992,800.000,3100.000,800.000,3099.992,800.000,3099.992,800.000,3099.992,800.000,3100.000,800.000,2651.615,800.000,800.000,1203.899,800.000,800.000,800.000,800.000
1722356616.605103,3100.007,3100.000,3100.000,800.000,3100.007,800.000,3099.992,800.000,3099.992,800.000,3100.000,800.000,3100.007,800.000,3099.992,800.000,2658.559,800.000,800.000,2707.131,800.000,800.000,800.000,800.000
1722356617.625149,3099.992,3100.000,3100.000,800.000,3100.007,800.000,3100.000,800.000,3100.007,800.000,3100.000,800.000,3100.000,800.000,3099.992,800.000,2654.809,800.000,800.000,1532.706,800.000,2309.227,800.000,800.000
1722356618.6441002,3100.000,3099.956,3100.000,800.000,3100.007,800.000,3100.000,800.000,3100.000,800.000,3100.007,800.000,3100.007,800.000,3099.992,800.000,2647.724,800.000,800.000,2700.828,800.000,800.000,800.000,800.000
1722356619.6641219,3100.000,3100.000,3099.992,800.000,3100.007,800.000,3100.000,800.000,3100.000,800.000,3100.000,800.000,3100.007,800.000,3100.000,800.000,2654.572,800.000,800.000,1498.685,800.000,800.000,800.000,800.000
1722356620.6840978,3100.007,3099.978,3099.992,800.000,3099.992,800.000,3100.000,800.000,3100.000,800.000,3099.992,800.000,3100.000,800.000,3100.007,800.000,2649.428,800.000,800.000,1085.432,800.000,800.000,800.000,800.000
1722356621.7012722,3099.992,3100.013,3100.000,800.000,3099.992,800.000,3100.000,800.000,3100.007,800.000,3100.000,800.000,3100.000,800.000,3100.000,800.000,2540.376,800.000,800.000,1391.432,800.000,800.000,800.000,800.000
1722356622.717363,3100.000,3100.000,3100.007,800.000,3099.992,800.000,3099.992,800.000,3100.000,800.000,3099.992,800.000,3099.992,800.000,3100.000,800.000,800.000,800.000,800.000,1961.256,800.000,800.000,800.000,800.000
1722356623.734327,3100.000,3100.000,3100.000,800.000,3099.992,800.000,3100.000,800.000,3100.000,800.000,3100.000,800.000,3100.007,800.000,3100.007,800.000,800.000,800.000,800.000,1451.710,800.000,800.000,800.000,800.000
1722356624.7498772,3100.000,3100.012,3099.992,800.000,3100.000,800.000,3100.000,800.000,3100.007,800.000,3100.000,800.000,3100.000,800.000,3100.000,800.000,800.000,800.000,800.000,1135.679,800.000,800.000,800.000,800.000
1722356625.7659097,3100.000,3100.012,3100.000,800.000,3100.000,800.000,3099.992,800.000,3100.000,800.000,3100.007,800.000,3100.000,800.000,3100.007,800.000,800.000,800.000,800.000,1390.432,800.000,800.000,800.000,800.000
1722356626.7818635,3100.000,3099.987,3099.992,800.000,3099.992,800.000,3100.000,800.000,3100.000,800.000,3100.000,800.000,3100.007,800.000,3100.000,800.000,800.000,800.000,800.000,1286.815,800.000,800.000,800.000,800.000
1722356627.797841,3100.007,3099.987,3100.007,800.000,3099.992,800.000,3099.992,800.000,3099.992,800.000,3099.992,800.000,3100.000,800.000,3100.000,800.000,800.000,800.000,800.000,1408.785,800.000,800.000,800.000,800.000
1722356628.81384,3100.007,3100.000,3100.000,800.000,3100.007,800.000,3100.000,800.000,3099.992,800.000,3100.000,800.000,3099.992,800.000,3100.000,800.000,800.000,800.000,800.000,1076.839,800.000,800.000,800.000,800.000
1722356629.829798,3099.992,3099.986,3100.007,800.000,3100.000,800.000,3100.000,800.000,3100.000,800.000,3100.007,800.000,3100.007,800.000,3100.007,800.000,800.000,800.000,800.000,1308.398,800.000,800.000,800.000,800.000
1722356630.8457873,3099.992,3099.973,3100.007,800.000,3100.000,800.000,3099.992,800.000,3100.000,800.000,3100.000,800.000,3100.000,800.000,3099.992,800.000,800.000,800.000,800.000,1308.091,800.000,800.000,800.000,800.000
1722356631.8616745,3100.000,3100.013,3099.992,800.000,3100.000,800.000,3099.992,800.000,3099.992,800.000,3100.000,800.000,3099.992,800.000,3100.007,800.000,800.000,800.000,800.000,1530.909,800.000,800.000,800.000,800.000
1722356632.8776562,3100.007,3100.000,3100.000,800.000,3099.992,800.000,3100.000,800.000,3100.000,800.000,3100.000,800.000,3099.992,800.000,3099.992,800.000,800.000,800.000,800.000,1236.153,800.000,800.000,800.000,800.000
1722356633.8937666,3100.000,3099.987,3099.992,800.000,3100.000,800.000,3100.000,800.000,3099.992,800.000,3100.000,800.000,3099.992,800.000,3099.992,800.000,800.000,800.000,800.000,1575.381,800.000,800.000,800.000,800.000
1722356634.9099123,3100.007,3099.974,3100.000,800.000,3100.000,800.000,3100.007,800.000,3100.007,800.000,3100.007,800.000,3099.992,800.000,3100.007,800.000,800.000,800.000,800.000,1436.936,800.000,800.000,800.000,800.000
1722356635.9259307,3100.000,3099.987,3099.992,800.000,3099.992,800.000,3100.000,800.000,3100.000,800.000,3100.000,800.000,3099.992,800.000,3099.992,800.000,800.000,800.000,800.000,1553.280,800.000,800.000,800.000,800.000
1722356636.9418976,3100.007,3099.974,3100.007,800.000,3100.000,800.000,3100.000,800.000,3100.000,800.000,3100.000,800.000,3100.007,800.000,3100.000,800.000,800.000,800.000,800.000,1146.168,800.000,800.000,800.000,800.000
1722356637.9579406,3100.007,3100.094,3099.992,800.000,3099.992,800.000,3099.992,800.000,3100.000,800.000,3099.992,800.000,3100.000,800.000,3100.007,800.000,800.000,800.000,800.000,1721.575,800.000,800.000,800.000,800.000
1722356638.9732094,3100.000,3099.989,3100.000,800.000,3100.000,800.000,3100.000,800.000,3099.992,800.000,3099.992,800.000,3100.000,800.000,3100.000,800.000,800.000,800.000,800.000,1681.107,800.000,800.000,800.000,800.000
1722356639.9886823,3100.000,3100.000,3100.007,800.000,3100.000,800.000,3099.992,800.000,3099.992,800.000,3100.007,800.000,3100.007,800.000,3099.992,800.000,800.000,800.000,800.000,1425.632,800.000,800.000,800.000,800.000
1722356641.0051277,3100.000,3099.987,3100.000,800.000,3099.992,800.000,3099.992,800.000,3100.007,800.000,3099.992,800.000,3100.000,800.000,3100.007,800.000,800.000,800.000,800.000,1578.250,800.000,800.000,800.000,800.000
1722356642.0210054,3100.007,3099.950,3100.000,800.000,3100.000,800.000,3100.000,800.000,3099.992,800.000,3100.000,800.000,3100.000,800.000,3100.000,800.000,800.000,800.000,800.000,1426.438,800.000,800.000,800.000,800.000
1722356643.0371757,3099.992,3099.986,3099.992,800.000,3100.000,800.000,3099.992,800.000,3099.992,800.000,3100.000,800.000,3099.992,800.000,3100.000,800.000,800.000,800.000,800.000,1392.668,800.000,800.000,800.000,800.000
1722356644.053277,3100.000,3100.026,3100.000,800.000,3100.007,800.000,3099.992,800.000,3100.000,800.000,3100.000,800.000,3100.000,800.000,3099.992,800.000,800.000,800.000,800.000,1561.058,800.000,800.000,800.000,800.000
1722356645.069253,3043.986,3029.381,3044.004,800.000,3044.000,800.000,3044.012,800.000,3044.014,800.000,3044.003,800.000,3044.011,800.000,3044.013,800.000,800.000,800.000,800.000,1337.981,800.000,800.000,800.000,800.000
1722356646.0855312,3099.992,3100.013,3099.992,800.000,3100.007,800.000,3099.992,800.000,3100.000,800.000,3099.992,800.000,3100.000,800.000,3099.992,800.000,800.000,800.000,800.000,1278.938,800.000,800.000,800.000,800.000
1722356647.101786,3100.007,3099.987,3100.000,800.000,3100.000,800.000,3100.000,800.000,3100.000,800.000,3100.000,800.000,3100.000,800.000,3100.000,800.000,800.000,800.000,800.000,1127.048,800.000,800.000,800.000,800.000
1722356648.1189766,3099.992,3101.417,3099.992,800.000,3100.000,800.000,3099.992,800.000,3100.000,800.000,3100.007,800.000,3100.000,800.000,3100.007,800.000,800.000,800.000,800.000,2336.994,800.000,800.000,800.000,800.000
1722356649.1356833,3100.007,3100.028,3099.992,800.000,3100.007,800.000,3100.000,800.000,3100.007,800.000,3099.992,800.000,3100.007,800.000,3100.007,800.000,800.000,800.000,800.000,1692.604,800.000,800.000,800.000,800.000
1722356650.1519203,3099.992,3099.989,3100.000,800.000,3100.000,800.000,3100.000,800.000,3099.992,800.000,3099.992,800.000,3100.007,800.000,3100.007,800.000,800.000,990.622,800.000,1378.986,800.000,800.000,800.000,800.000
1722356651.168167,3100.007,3100.000,3100.007,3099.511,3100.000,800.000,3100.000,800.000,3100.000,800.000,3100.000,800.000,3099.992,800.000,3100.007,800.000,800.000,800.000,800.000,1177.966,800.000,800.000,800.000,800.000
1722356652.1841028,3100.007,3100.000,3099.992,3100.221,3099.992,800.000,3100.000,800.000,3099.992,800.000,3100.000,800.000,3100.000,800.000,3100.000,800.000,800.000,800.000,800.000,1331.472,800.000,800.000,800.000,800.000
1722356653.200225,3099.992,3099.989,3100.007,3100.000,3100.007,800.000,3099.992,800.000,3100.007,800.000,3099.992,800.000,3100.000,800.000,3100.000,800.000,800.000,800.000,800.000,1174.108,800.000,800.000,1430.358,800.000
1722356654.2162473,3100.007,3100.011,3100.007,3099.364,3099.992,800.000,3100.007,800.000,3100.000,800.000,3099.992,800.000,3100.000,800.000,3100.000,800.000,800.000,800.000,800.000,1371.104,1966.496,800.000,800.000,800.000
1722356655.232631,3100.000,3100.013,3100.007,800.000,3100.000,800.000,3100.000,800.000,3100.007,800.000,3100.007,800.000,3100.007,800.000,3100.000,800.000,800.000,800.000,800.000,1231.542,800.000,800.000,800.000,800.000
1722356656.248702,3100.000,3099.986,3100.000,800.000,3100.000,800.000,3100.000,800.000,3100.007,800.000,3100.000,800.000,3100.000,800.000,3099.992,800.000,800.000,800.000,800.000,1294.371,800.000,800.000,800.000,800.000
1722356657.2649379,3100.007,3099.986,3099.992,800.000,3100.007,800.000,3100.000,800.000,3100.000,800.000,3099.992,800.000,3100.007,800.000,3100.007,800.000,800.000,800.000,800.000,1321.035,800.000,800.000,800.000,800.000
1722356658.28123,3099.992,3100.014,3100.000,800.000,3100.000,800.000,3100.000,800.000,3100.007,800.000,3099.992,800.000,3100.007,800.000,3100.000,800.000,800.000,800.000,800.000,1537.858,800.000,800.000,800.000,800.000
1722356659.2974732,3100.007,3100.014,3099.992,800.000,3100.000,800.000,3100.000,800.000,3099.992,800.000,3099.992,800.000,3100.007,800.000,3099.992,800.000,800.000,800.000,800.000,1308.918,800.000,800.000,800.000,800.000
1722356660.313802,3099.992,3099.986,3100.007,800.000,3100.000,800.000,3100.000,800.000,3099.992,800.000,3100.000,800.000,3100.000,800.000,3099.992,800.000,800.000,800.000,800.000,1295.068,800.000,800.000,800.000,800.000
1722356661.3297498,3100.000,3099.975,3100.000,800.000,3099.992,800.000,3100.000,800.000,3100.007,800.000,3100.007,800.000,3099.992,800.000,3100.000,800.000,800.000,800.000,800.000,1351.882,800.000,800.000,800.000,800.000
1722356662.3459375,3100.000,3100.013,3100.000,800.000,3100.000,800.000,3100.007,800.000,3100.007,800.000,3100.000,800.000,3100.000,800.000,3099.992,800.000,800.000,800.000,800.000,1646.821,800.000,800.000,800.000,800.000
1722356663.3619063,3099.992,3100.000,3099.992,800.000,3100.000,800.000,3099.992,800.000,3100.007,800.000,3100.000,800.000,3100.007,800.000,3100.000,800.000,800.000,800.000,800.000,1356.884,800.000,800.000,800.000,800.000
1722356664.3779979,3100.000,3099.879,3099.992,800.000,3100.000,800.000,3099.992,800.000,3099.992,800.000,3100.000,800.000,3100.000,800.000,3100.000,800.000,800.000,800.000,800.000,1340.865,800.000,800.000,800.000,800.000
1722356665.3938775,3100.007,3100.000,3100.000,800.000,3100.007,800.000,3100.000,800.000,3099.992,800.000,3099.992,800.000,3099.992,800.000,3100.007,800.000,800.000,800.000,800.000,1847.439,800.000,800.000,800.000,800.000
1722356666.4108841,3099.992,3099.987,3100.000,800.000,3099.992,800.000,3100.007,800.000,3099.992,800.000,3099.992,800.000,3100.000,800.000,3099.992,800.000,800.000,800.000,800.000,1530.966,800.000,800.000,800.000,800.000
1722356667.426794,3100.007,3100.089,3100.000,800.000,3099.992,800.000,3100.000,800.000,3100.000,800.000,3099.992,800.000,3100.000,800.000,3100.000,800.000,800.000,800.000,800.000,1144.935,800.000,800.000,800.000,800.000
1722356668.4443111,3131.449,3130.144,3131.371,800.000,3131.363,800.000,3131.393,800.000,3131.397,800.000,3131.398,800.000,3131.389,800.000,3131.402,800.000,800.000,800.000,800.000,1720.268,800.000,800.000,800.000,800.000
1722356669.460573,3200.000,3191.678,3200.000,800.000,3199.991,800.000,3199.991,800.000,3200.008,800.000,3200.008,800.000,3200.000,800.000,3199.991,800.000,800.000,800.000,798.426,1206.646,800.000,800.000,800.000,800.000
1722356670.4769075,3100.000,3099.987,3099.992,800.000,3100.000,800.000,3100.000,800.000,3100.000,800.000,3100.007,800.000,3100.000,800.000,3099.992,800.000,800.000,800.000,800.000,1489.638,800.000,800.000,800.000,800.000
1722356671.4932065,3100.007,3099.987,3100.007,800.000,3100.000,800.000,3100.007,800.000,3100.000,800.000,3099.992,800.000,3100.000,800.000,3099.992,800.000,800.000,800.000,799.496,1154.251,800.000,800.000,800.000,800.000
1722356672.5092385,3099.992,3100.013,3100.000,800.000,3100.000,800.000,3100.000,800.000,3100.000,800.000,3100.007,800.000,3099.992,800.000,3100.007,800.000,800.000,800.000,2226.006,1293.305,800.000,800.000,800.000,800.000
1722356673.525293,3100.007,3100.013,3100.000,800.000,3100.000,800.000,3100.007,800.000,3100.000,800.000,3100.000,800.000,3100.000,800.000,3100.000,800.000,800.000,800.000,1370.708,1256.598,1995.389,800.000,800.000,800.000
1722356674.5413961,3100.007,3100.013,3099.992,800.000,3100.007,800.000,3100.007,800.000,3099.992,800.000,3099.992,800.000,3100.000,800.000,3100.000,800.000,800.000,800.000,800.000,1437.040,800.000,800.000,800.000,800.000
1722356675.5577939,3100.007,3099.987,3100.000,3101.014,3099.992,800.000,3100.000,800.000,3100.000,800.000,3100.000,800.000,3099.992,800.000,3099.992,800.000,800.000,800.000,800.000,1270.328,800.000,800.000,800.000,800.000
1722356676.5738995,3100.000,3099.863,3100.007,800.000,3100.000,800.000,3100.007,800.000,3100.000,800.000,3100.000,800.000,3100.007,800.000,3100.000,800.000,800.000,800.000,800.000,1292.019,800.000,800.000,800.000,800.000
1722356677.5902321,3100.007,3099.987,3100.000,800.000,3100.000,800.000,3099.992,800.000,3100.000,800.000,3100.000,800.000,3100.000,800.000,3100.000,800.000,800.000,800.000,800.000,1446.083,800.000,800.000,800.000,800.000
1722356678.6058817,3100.000,3100.025,3099.992,800.000,3100.000,800.000,3100.000,800.000,3100.000,800.000,3099.992,800.000,3100.007,800.000,3100.007,800.000,800.000,800.000,800.000,1651.102,800.000,800.000,800.000,800.000
1722356679.6219747,3099.992,3100.013,3100.000,800.000,3100.007,800.000,3100.000,800.000,3100.000,800.000,3100.007,800.000,3100.000,800.000,3099.992,800.000,800.000,800.000,800.000,1514.700,800.000,800.000,800.000,800.000
1722356680.6379712,3100.000,3100.013,3099.992,800.000,3100.007,800.000,3099.992,800.000,3100.000,800.000,3100.000,800.000,3100.000,800.000,3099.992,800.000,800.000,800.000,800.000,1192.780,800.000,800.000,800.000,800.000
1722356681.6546423,3100.000,3100.014,3099.992,800.000,3100.000,800.000,3100.000,800.000,3100.007,800.000,3100.000,800.000,3099.992,800.000,3100.000,800.000,800.000,800.000,800.000,1307.841,800.000,800.000,800.000,800.000
1722356682.6700003,3099.992,3100.013,3100.000,800.000,3099.992,800.000,3100.007,800.000,3100.007,800.000,3099.992,800.000,3100.007,800.000,3100.000,800.000,800.000,800.000,800.000,1243.535,800.000,800.000,800.000,800.000
1722356683.685869,3100.007,3099.974,3100.007,800.000,3100.007,800.000,3100.000,800.000,3100.000,800.000,3099.992,800.000,3100.007,800.000,3100.000,800.000,800.000,800.000,800.000,1407.946,800.000,800.000,800.000,800.000
1722356684.7018757,3100.000,3100.000,3100.007,800.000,3100.000,800.000,3099.992,800.000,3100.007,800.000,3100.007,800.000,3099.992,800.000,3100.000,800.000,800.000,2336.995,800.000,1277.678,800.000,800.000,800.000,800.000
1722356685.717996,3100.007,3100.013,3100.007,800.000,3100.000,800.000,3100.000,800.000,3099.992,800.000,3100.007,800.000,3100.007,800.000,3100.007,800.000,2118.346,800.000,800.000,1415.894,800.000,800.000,800.000,800.000
1722356686.73385,3100.007,3100.012,3100.000,800.000,3100.000,800.000,3099.992,800.000,3099.992,800.000,3100.000,800.000,3100.000,800.000,3100.000,800.000,800.000,800.000,800.000,1249.471,800.000,800.000,800.000,800.000
1722356687.7499144,3099.992,3099.974,3100.007,3100.000,3100.000,800.000,3099.992,800.000,3099.992,800.000,3100.000,800.000,3100.007,800.000,3099.992,800.000,800.000,800.000,800.000,1534.918,800.000,800.000,800.000,800.000
1722356688.7657604,3100.000,3099.987,3100.007,800.000,3099.992,800.000,3100.007,800.000,3100.007,800.000,3100.000,800.000,3099.992,800.000,3100.007,800.000,800.000,800.000,800.000,1095.537,800.000,800.000,800.000,800.000
1722356689.781595,3099.992,3100.013,3099.992,800.000,3100.000,800.000,3100.000,800.000,3100.007,800.000,3100.000,800.000,3100.000,800.000,3100.000,800.000,800.000,800.000,800.000,1418.460,800.000,800.000,800.000,800.000
1722356690.7977483,3100.000,3100.078,3100.007,800.000,3100.007,800.000,3100.000,800.000,3099.992,800.000,3100.000,800.000,3100.000,800.000,3100.000,800.000,800.000,800.000,800.000,1239.974,800.000,800.000,800.000,800.000
1722356691.8140864,3100.007,3100.000,3100.000,800.000,3100.007,800.000,3099.992,800.000,3099.992,800.000,3099.992,800.000,3099.992,800.000,3099.992,800.000,800.000,800.000,800.000,2021.096,800.000,800.000,800.000,800.000
1722356692.8299975,3099.992,3099.986,3100.000,800.000,3100.007,800.000,3100.007,800.000,3100.000,800.000,3100.000,800.000,3100.007,800.000,3100.007,800.000,800.000,800.000,800.000,1662.070,800.000,800.000,800.000,800.000
1722356693.8458009,3100.000,3099.987,3099.992,800.000,3100.007,800.000,3099.992,800.000,3099.992,800.000,3100.000,800.000,3100.000,800.000,3099.992,800.000,800.000,800.000,800.000,1672.899,800.000,800.000,800.000,800.000
1722356694.8620698,3100.000,3100.000,3100.000,800.000,3100.000,800.000,3099.992,800.000,3099.992,800.000,3099.992,800.000,3100.000,800.000,3099.992,800.000,800.000,800.000,800.000,1715.555,800.000,800.000,800.000,800.000
1722356695.877895,3099.992,3100.000,3099.992,800.000,3100.000,800.000,3100.000,800.000,3100.000,800.000,3099.992,800.000,3100.000,800.000,3100.000,800.000,800.000,800.000,800.000,1768.619,800.000,800.000,800.000,800.000
1722356696.893976,3099.992,3100.000,3099.992,800.000,3100.007,800.000,3100.007,800.000,3100.000,800.000,3100.007,800.000,3100.007,800.000,3100.000,800.000,800.000,800.000,800.000,1551.779,800.000,800.000,800.000,800.000
1722356697.9097579,3100.000,3099.987,3100.000,800.000,3100.000,800.000,3100.000,800.000,3100.000,800.000,3100.007,800.000,3100.007,800.000,3100.000,800.000,800.000,800.000,800.000,1811.239,800.000,800.000,800.000,800.000
1722356698.926017,3099.992,3100.000,3100.000,800.000,3099.992,800.000,3100.000,800.000,3100.000,800.000,3100.000,800.000,3100.007,800.000,3100.000,800.000,800.000,800.000,800.000,1742.479,800.000,800.000,800.000,800.000
1722356699.941701,3099.992,3099.986,3100.000,800.000,3100.007,800.000,3100.007,800.000,3100.007,800.000,3100.007,800.000,3100.000,800.000,3099.992,800.000,800.000,800.000,800.000,1722.442,800.000,800.000,800.000,800.000
1722356700.9578974,3100.000,3100.000,3100.000,800.000,3100.007,800.000,3100.007,800.000,3100.000,800.000,3099.992,800.000,3099.992,800.000,3100.000,800.000,800.000,800.000,800.000,1599.790,800.000,800.000,800.000,800.000
1722356701.9737785,3100.007,3100.000,3100.000,800.000,3100.000,800.000,3099.992,800.000,3099.992,800.000,3100.007,800.000,3100.000,800.000,3100.000,800.000,800.000,800.000,800.000,1692.539,800.000,800.000,800.000,800.000
1722356702.98996,3099.992,3099.932,3100.000,800.000,3100.000,800.000,3100.000,800.000,3100.007,800.000,3099.992,800.000,3100.000,800.000,3099.992,800.000,800.000,800.000,800.000,1746.970,800.000,800.000,800.000,800.000
1722356704.0059657,3100.000,3100.013,3100.000,800.000,3100.000,800.000,3099.992,800.000,3100.000,800.000,3100.000,800.000,3100.000,800.000,3100.000,800.000,800.000,800.000,800.000,1638.476,800.000,800.000,800.000,800.000
1722356705.0232754,3172.675,3102.117,3101.675,800.000,3101.678,800.000,3101.684,800.000,3101.701,800.000,3101.687,800.000,3101.682,800.000,3101.722,800.000,800.000,800.000,800.000,1607.029,800.000,800.000,800.000,800.000
1722356706.0394814,3100.000,3100.020,3100.000,800.000,3100.007,800.000,3100.007,800.000,3100.000,800.000,3100.007,800.000,3100.000,800.000,3100.000,800.000,800.000,800.000,800.000,1690.206,800.000,800.000,800.000,800.000
1722356707.0555844,3100.000,3099.989,3100.000,800.000,3100.007,800.000,3099.992,800.000,3100.007,800.000,3099.992,800.000,3100.000,800.000,3100.007,800.000,800.000,800.000,800.000,1688.772,800.000,800.000,800.000,800.000
1722356708.0717003,3100.007,3099.990,3100.000,3100.000,3099.992,800.000,3100.000,800.000,3100.007,800.000,3100.007,800.000,3100.007,800.000,3099.992,800.000,800.000,800.000,800.000,1674.977,800.000,800.000,800.000,800.000
1722356709.087932,3100.000,3099.994,3099.992,800.000,3100.000,800.000,3100.000,800.000,3100.007,800.000,3099.992,800.000,3100.000,800.000,3100.000,800.000,800.000,800.000,800.000,1726.720,800.000,800.000,800.000,800.000
1722356710.1041157,3100.000,3100.000,3100.000,800.000,3100.007,800.000,3100.000,800.000,3100.007,800.000,3100.007,800.000,3099.992,800.000,3100.000,800.000,800.000,800.000,800.000,1745.998,800.000,800.000,800.000,800.000
1722356711.1205032,3100.007,3100.047,3099.992,800.000,3100.000,800.000,3100.000,800.000,3100.000,800.000,3100.007,800.000,3100.007,800.000,3100.000,800.000,1386.551,800.000,800.000,1798.231,800.000,800.000,800.000,800.000
1722356712.136635,3099.992,3099.987,3100.000,800.000,3099.992,800.000,3100.000,800.000,3100.000,800.000,3100.007,800.000,3100.000,800.000,3099.992,800.000,800.000,800.000,800.000,1596.261,800.000,800.000,800.000,800.000
1722356713.1531794,3100.000,3098.934,3100.000,800.000,3099.992,800.000,3100.000,800.000,3100.000,800.000,3099.992,800.000,3100.007,800.000,3100.007,800.000,800.000,800.000,800.000,1586.835,800.000,800.000,800.000,800.000
1722356714.170256,3099.992,3100.000,3100.007,800.000,3100.000,800.000,3099.992,800.000,3100.000,800.000,3100.000,800.000,3100.007,800.000,3099.992,800.000,800.000,800.000,800.000,1653.401,800.000,800.000,800.000,800.000
1722356715.1857119,3100.000,3099.986,3099.992,800.000,3100.007,800.000,3099.992,800.000,3099.992,800.000,3100.000,800.000,3100.000,800.000,3100.000,800.000,800.000,800.000,800.000,1368.792,800.000,800.000,800.000,800.000
1722356716.2015464,3100.000,3100.000,3100.007,800.000,3100.007,800.000,3100.000,800.000,3100.007,800.000,3100.000,800.000,3099.992,800.000,3100.007,800.000,800.000,800.000,800.000,1391.707,800.000,800.000,800.000,800.000
1722356717.2175949,3100.000,3099.986,3100.000,800.000,3100.000,800.000,3100.000,800.000,3100.007,800.000,3100.000,800.000,3100.007,800.000,3100.007,800.000,800.000,800.000,800.000,1367.813,1920.084,800.000,800.000,800.000
1722356718.2331927,3100.007,3100.013,3100.000,800.000,3100.007,800.000,3100.000,800.000,3100.000,800.000,3100.000,800.000,3100.000,800.000,3100.007,800.000,800.000,800.000,800.000,1369.508,800.000,800.000,800.000,800.000
1722356719.2492554,3100.000,3100.013,3100.000,800.000,3100.000,800.000,3099.992,800.000,3100.007,800.000,3100.000,800.000,3100.007,800.000,3099.992,800.000,800.000,800.000,800.000,1708.407,800.000,800.000,800.000,800.000
1722356720.2651744,3100.000,3100.026,3099.992,800.000,3100.007,800.000,3100.000,800.000,3100.000,800.000,3100.000,800.000,3100.007,800.000,3100.000,800.000,800.000,800.000,800.000,1335.884,800.000,800.000,800.000,800.000
1722356721.281091,3100.000,3100.012,3100.007,800.000,3100.000,800.000,3100.007,800.000,3100.000,800.000,3100.000,800.000,3100.000,800.000,3100.000,800.000,800.000,800.000,800.000,1703.203,800.000,800.000,800.000,800.000
1722356722.297112,3100.023,3100.000,3099.992,800.000,3099.992,800.000,3100.000,800.000,3100.007,800.000,3100.007,800.000,3100.000,800.000,3099.992,800.000,800.000,800.000,800.000,1538.316,800.000,800.000,800.000,800.000
1722356723.312796,3100.000,3100.005,3100.007,800.000,3099.992,800.000,3100.007,800.000,3100.000,800.000,3099.992,800.000,3100.007,800.000,3100.007,800.000,800.000,800.000,800.000,1672.227,800.000,800.000,800.000,800.000
1722356724.329004,3099.992,3100.000,3100.000,800.000,3100.007,800.000,3100.000,800.000,3100.000,800.000,3099.992,800.000,3099.992,800.000,3100.000,800.000,800.000,800.000,800.000,1223.396,800.000,800.000,800.000,800.000
1722356725.3452249,3100.000,3100.000,3100.007,800.000,3100.000,800.000,3100.000,800.000,3099.992,800.000,3099.992,800.000,3100.000,800.000,3099.992,800.000,800.000,800.000,800.000,1712.031,800.000,800.000,1060.229,800.000
1722356726.361493,3100.007,3100.013,3100.000,800.000,3100.000,800.000,3099.992,800.000,3100.007,800.000,3100.000,800.000,3099.992,800.000,3099.992,800.000,800.000,800.000,800.000,1382.857,800.000,800.000,800.000,800.000
1722356727.3776991,3100.007,3100.000,3099.992,800.000,3100.000,800.000,3100.000,800.000,3100.007,800.000,3100.000,800.000,3100.000,800.000,3099.992,800.000,800.000,800.000,800.000,1760.822,800.000,800.000,800.000,800.000
1722356728.393254,3100.007,3100.013,3099.992,800.000,3100.000,800.000,3100.000,800.000,3099.992,800.000,3100.000,800.000,3100.000,800.000,3100.007,800.000,800.000,800.000,800.000,1303.389,800.000,800.000,800.000,800.000
1722356729.4091783,3099.992,3100.013,3099.992,800.000,3100.007,800.000,3099.992,800.000,3100.000,800.000,3100.000,800.000,3100.000,800.000,3100.007,800.000,800.000,800.000,2414.763,1533.603,800.000,800.000,800.000,800.000
1722356730.4255137,3100.007,3100.000,3100.007,800.000,3100.000,800.000,3099.992,800.000,3100.007,800.000,3100.000,800.000,3100.007,800.000,3100.007,800.000,800.000,800.000,800.000,1613.219,800.000,800.000,800.000,800.000
1722356731.4415452,3100.007,3099.987,3100.007,800.000,3099.992,800.000,3100.000,800.000,3100.007,800.000,3100.000,800.000,3100.000,800.000,3099.992,800.000,800.000,800.000,800.000,1708.688,800.000,800.000,800.000,800.000
1722356732.4576325,3100.000,3100.000,3100.000,800.000,3100.000,800.000,3100.000,800.000,3100.007,800.000,3099.992,800.000,3100.000,800.000,3100.007,800.000,800.000,800.000,800.000,1327.721,800.000,800.000,800.000,800.000
1722356733.4738255,3100.000,3099.945,3100.000,800.000,3099.992,800.000,3100.000,800.000,3100.007,800.000,3100.000,800.000,3099.992,800.000,3099.992,800.000,800.000,800.000,799.344,1889.665,800.000,800.000,800.000,800.000
1722356734.4911678,3109.951,3110.654,3109.981,800.000,3109.983,800.000,3109.995,800.000,3109.964,800.000,3151.854,800.000,3151.849,800.000,3151.839,800.000,800.000,800.000,800.000,1477.397,800.000,800.000,800.000,800.000
1722356735.507356,3100.000,3100.000,3100.000,800.000,3100.007,800.000,3100.000,800.000,3100.000,800.000,3099.992,800.000,3100.000,800.000,3099.992,800.000,800.000,800.000,800.000,1687.952,800.000,800.000,800.000,800.000
1722356736.523095,3099.992,3099.973,3100.007,800.000,3099.992,800.000,3100.000,800.000,3100.000,800.000,3099.992,800.000,3100.007,800.000,3100.000,800.000,800.000,800.000,800.000,1325.679,800.000,800.000,800.000,800.000
1722356737.5391266,3100.000,3100.013,3100.000,800.000,3100.000,800.000,3100.000,800.000,3099.992,800.000,3100.007,800.000,3099.992,800.000,3100.000,800.000,1145.312,800.000,2351.327,1870.251,800.000,800.000,800.000,800.000
1722356738.5550623,3100.007,3099.987,3100.000,800.000,3100.007,800.000,3099.992,800.000,3100.000,800.000,3100.000,800.000,3100.007,800.000,3100.007,800.000,800.000,800.000,1584.943,1719.973,800.000,800.000,800.000,800.000
1722356739.571191,3099.992,3099.974,3100.000,3130.089,3100.007,800.000,3099.992,800.000,3100.000,800.000,3100.007,800.000,3100.007,800.000,3099.992,800.000,800.000,800.000,2434.004,1807.842,800.000,800.000,800.000,800.000
1722356740.5873032,3100.000,3100.010,3100.007,800.000,3100.000,800.000,3099.992,800.000,3100.000,800.000,3100.007,800.000,3100.000,800.000,3100.007,800.000,800.000,800.000,800.000,1475.303,800.000,800.000,800.000,800.000
1722356741.6039836,3100.000,3099.989,3100.007,800.000,3100.000,800.000,3099.992,800.000,3100.000,800.000,3100.000,800.000,3100.000,800.000,3100.000,800.000,800.000,800.000,800.000,1681.376,800.000,800.000,800.000,800.000
1722356742.6198976,3100.000,3099.988,3100.007,800.000,3099.992,800.000,3100.000,800.000,3100.007,800.000,3100.000,800.000,3100.000,800.000,3099.992,800.000,800.000,800.000,800.000,1729.606,800.000,800.000,800.000,800.000
1722356743.6360211,3099.992,3099.994,3100.000,800.000,3100.007,800.000,3099.992,800.000,3100.007,800.000,3100.000,800.000,3100.000,800.000,3100.000,800.000,800.000,800.000,800.000,1718.925,800.000,2394.533,800.000,800.000
1722356744.6520238,3100.000,3099.988,3100.000,800.000,3099.992,800.000,3100.000,800.000,3099.992,800.000,3100.000,800.000,3100.000,800.000,3099.992,800.000,800.000,800.000,800.000,1687.134,800.000,800.000,800.000,800.000
1722356745.6679888,3100.000,3100.005,3100.000,800.000,3100.007,800.000,3100.000,800.000,3100.007,800.000,3100.000,800.000,3100.000,800.000,3100.007,800.000,800.000,800.000,800.000,1665.874,800.000,800.000,800.000,800.000
1722356746.6840005,3100.007,3100.000,3100.007,800.000,3100.000,800.000,3100.000,800.000,3100.000,800.000,3099.992,800.000,3100.000,800.000,3100.000,800.000,800.000,800.000,800.000,1739.539,800.000,800.000,800.000,800.000
1722356747.7001657,3100.000,3100.000,3100.000,800.000,3100.000,800.000,3100.000,800.000,3100.000,800.000,3099.992,800.000,3099.992,800.000,3099.992,800.000,800.000,800.000,800.000,1714.858,800.000,800.000,800.000,800.000
1722356748.7163167,3099.992,3100.011,3100.000,800.000,3100.000,800.000,3099.992,800.000,3100.007,800.000,3100.000,800.000,3100.000,800.000,3099.992,800.000,800.000,800.000,800.000,1562.069,800.000,800.000,800.000,800.000
1722356749.7322743,3100.000,3099.955,3100.000,800.000,3100.000,800.000,3099.992,800.000,3099.992,800.000,3100.007,800.000,3100.007,800.000,3099.992,800.000,2264.810,800.000,800.000,1666.146,800.000,800.000,800.000,800.000
1722356750.748634,3100.007,3099.987,3100.000,800.000,3099.992,800.000,3100.007,800.000,3100.000,800.000,3099.992,800.000,3100.000,800.000,3099.992,800.000,1961.547,2539.190,800.000,1801.553,800.000,800.000,800.000,800.000
1722356751.7651594,3041.516,3009.225,3041.485,800.000,3041.508,800.000,3041.515,800.000,3041.506,800.000,3041.504,800.000,3041.717,800.000,3041.555,800.000,2673.359,800.000,800.000,1843.878,800.000,799.588,800.000,800.000
1722356752.7804925,3100.000,3099.975,3100.007,800.000,3100.000,800.000,3100.000,800.000,3100.007,800.000,3100.000,800.000,3100.000,800.000,3100.007,800.000,800.000,800.000,800.000,1629.909,800.000,800.000,800.000,800.000
1722356753.7965887,3099.992,3100.000,3100.007,800.000,3099.992,800.000,3100.007,800.000,3099.992,800.000,3100.007,800.000,3100.000,800.000,3100.007,800.000,800.000,800.000,800.000,1317.651,800.000,800.000,800.000,800.000
1722356754.81267,3100.000,3100.000,3100.007,800.000,3100.007,800.000,3100.000,800.000,3100.007,800.000,3100.000,800.000,3100.007,800.000,3100.000,800.000,800.000,800.000,800.000,1646.528,800.000,800.000,800.000,800.000
1722356755.8290136,3100.000,3100.000,3100.000,3098.770,3099.992,800.000,3100.000,800.000,3100.000,800.000,3100.000,800.000,3100.000,800.000,3100.000,800.000,800.000,800.000,800.000,1453.507,800.000,800.000,800.000,800.000
1722356756.8469672,3128.589,3138.058,3128.522,800.000,3128.501,800.000,3128.514,800.000,3128.516,800.000,3128.524,800.000,3128.527,800.000,3128.511,800.000,800.000,800.000,800.000,1593.495,800.000,800.000,800.000,800.000
1722356757.8633604,3100.031,3099.958,3100.007,800.000,3100.000,800.000,3100.007,800.000,3100.000,800.000,3100.007,800.000,3100.000,800.000,3100.000,800.000,800.000,800.000,800.000,1444.236,800.000,800.000,800.000,800.000
1722356758.879509,3100.000,3100.000,3100.000,800.000,3100.007,800.000,3100.000,800.000,3100.000,800.000,3100.000,800.000,3100.000,800.000,3100.000,800.000,800.000,800.000,800.000,1606.995,800.000,800.000,800.000,800.000
1722356759.8954668,3100.000,3100.000,3100.000,3126.855,3100.000,800.000,3100.007,800.000,3100.007,800.000,3099.992,800.000,3100.007,800.000,3099.992,800.000,800.000,800.000,800.000,1251.743,800.000,800.000,800.000,800.000
1722356760.9126194,3144.509,3139.489,3144.496,800.000,3144.503,800.000,3144.514,800.000,3144.504,800.000,3144.526,800.000,3144.500,800.000,3144.514,800.000,800.000,800.000,800.000,1179.548,800.000,800.000,800.000,800.000
1722356761.9289,3100.000,3100.000,3100.000,800.000,3099.992,800.000,3099.992,800.000,3099.992,800.000,3100.007,800.000,3100.000,800.000,3100.007,800.000,800.000,800.000,800.000,1427.538,800.000,800.000,800.000,800.000
1722356762.945015,3100.000,3100.000,3100.007,800.000,3100.000,800.000,3100.000,800.000,3100.000,800.000,3100.000,3103.596,3100.000,800.000,3100.000,3094.542,799.559,800.000,800.000,1083.574,800.000,800.000,800.000,800.000
1722356763.961042,3099.992,3100.026,3100.000,800.000,3100.000,800.000,3099.992,800.000,3100.007,800.000,3099.992,800.000,3100.007,800.000,3100.000,800.000,800.000,800.000,800.000,1316.822,800.000,800.000,800.000,800.000
1722356764.976463,3099.992,3100.022,3100.000,800.000,3100.007,800.000,3100.000,800.000,3100.000,800.000,3100.007,800.000,3100.000,800.000,3100.007,800.000,800.000,800.000,800.000,1661.437,800.000,800.000,800.000,800.000
1722356765.9921582,3100.000,3100.010,3099.992,800.000,3100.007,800.000,3100.000,800.000,3100.000,800.000,3099.992,800.000,3100.000,800.000,3100.007,800.000,800.000,1529.799,800.000,1186.529,800.000,800.000,800.000,800.000
1722356767.0082,3100.007,3099.978,3100.000,800.000,3099.992,800.000,3100.000,800.000,3100.000,800.000,3100.000,800.000,3099.992,800.000,3100.007,800.000,800.000,800.000,800.000,1727.448,800.000,800.000,800.000,800.000
1722356768.0242603,3099.992,3100.005,3100.007,800.000,3100.007,800.000,3100.000,800.000,3100.000,800.000,3099.992,800.000,3099.992,800.000,3100.000,800.000,800.000,800.000,800.000,1471.429,800.000,800.000,800.000,800.000
1722356769.0399272,3100.000,3100.000,3099.992,800.000,3100.000,800.000,3100.000,800.000,3100.000,800.000,3100.000,800.000,3100.007,800.000,3100.000,800.000,2292.245,800.000,800.000,1748.993,800.000,800.000,800.000,800.000
1722356770.055382,3100.000,3100.010,3100.000,800.000,3099.992,800.000,3099.992,800.000,3100.007,800.000,3100.000,800.000,3100.000,800.000,3100.000,800.000,800.000,1491.301,800.000,1806.188,800.000,800.000,800.000,800.000
1722356771.071469,3099.992,3100.000,3100.000,800.000,3100.000,800.000,3100.000,800.000,3100.007,800.000,3100.000,800.000,3100.000,800.000,3100.000,800.000,800.000,800.000,800.000,1914.350,800.000,800.000,800.000,800.000
1722356772.088348,3099.992,3100.000,3100.000,800.000,3100.007,800.000,3099.992,800.000,3100.000,800.000,3100.000,800.000,3100.000,800.000,3100.000,800.000,800.000,800.000,800.000,1173.670,800.000,800.000,800.000,800.000
1722356773.1040213,3100.000,3100.000,3100.000,800.000,3100.000,800.000,3099.992,800.000,3100.000,800.000,3099.992,800.000,3100.007,800.000,3100.000,800.000,800.000,800.000,800.000,1579.611,800.000,800.000,800.000,800.000
1722356774.120105,3100.007,3099.989,3099.992,800.000,3100.000,800.000,3100.000,800.000,3100.000,800.000,3100.000,800.000,3099.992,800.000,3099.992,800.000,800.000,800.000,800.000,1278.046,800.000,800.000,800.000,800.000
1722356775.1366038,3100.000,3099.975,3100.007,800.000,3100.000,800.000,3099.992,800.000,3100.000,800.000,3100.000,800.000,3100.007,800.000,3100.007,800.000,800.000,800.000,800.000,1564.975,800.000,800.000,800.000,800.000
1722356776.151689,3099.992,3099.990,3099.992,800.000,3100.000,800.000,3100.007,800.000,3100.000,800.000,3100.007,800.000,3100.000,800.000,3100.007,800.000,800.000,800.000,800.000,1766.747,800.000,800.000,800.000,800.000
1722356777.1686182,3067.441,3073.228,3111.220,800.000,3111.213,800.000,3111.226,800.000,3111.217,800.000,3111.216,800.000,3111.210,800.000,3111.214,800.000,800.000,800.000,800.000,1195.039,800.000,800.000,800.000,800.000
1722356778.1841516,3100.000,3100.000,3100.000,800.000,3100.000,800.000,3100.007,800.000,3100.007,800.000,3100.000,800.000,3100.000,800.000,3100.007,800.000,800.000,800.000,800.000,1106.041,800.000,800.000,800.000,800.000
1722356779.2007391,3100.000,3100.017,3099.992,800.000,3100.000,800.000,3100.007,800.000,3100.000,800.000,3100.000,800.000,3099.992,800.000,3100.000,800.000,800.000,800.000,800.000,1658.368,800.000,800.000,800.000,800.000
1722356780.2172189,3100.000,3100.000,3099.992,800.000,3100.000,800.000,3100.000,800.000,3100.007,800.000,3099.992,3121.547,3100.000,800.000,3100.000,800.000,800.000,800.000,800.000,1281.565,800.000,800.000,800.000,800.000
1722356781.2332003,3100.000,3099.986,3100.000,800.000,3100.007,800.000,3099.992,800.000,3100.000,800.000,3099.992,800.000,3100.007,800.000,3100.007,800.000,800.000,800.000,800.000,1285.524,800.000,800.000,800.000,800.000
1722356782.2492807,3100.000,3100.000,3100.000,800.000,3100.000,800.000,3100.000,800.000,3099.992,800.000,3099.992,800.000,3100.000,800.000,3100.000,800.000,800.000,800.000,800.000,1317.405,800.000,800.000,800.000,800.000
1722356783.2651613,3099.992,3100.000,3099.992,3100.000,3100.007,800.000,3100.000,800.000,3100.000,800.000,3100.000,800.000,3100.000,800.000,3100.000,800.000,800.000,800.000,800.000,1652.114,800.000,800.000,800.000,800.000
1722356784.2812138,3100.000,3100.000,3099.992,3100.234,3100.038,800.000,3100.000,800.000,3100.007,800.000,3100.007,800.000,3100.000,800.000,3099.992,800.000,800.000,800.000,800.000,1254.236,800.000,800.000,800.000,800.000
1722356785.2970574,3099.992,3100.000,3100.000,3100.000,3099.992,800.000,3100.000,800.000,3099.992,800.000,3100.000,800.000,3100.000,800.000,3100.000,800.000,800.000,800.000,800.000,1747.781,800.000,800.000,800.000,800.000
1722356786.311827,3100.000,3100.000,3099.992,3100.582,3100.000,800.000,3100.007,800.000,3100.000,800.000,3100.000,800.000,3100.000,800.000,3099.992,800.000,800.000,800.000,800.000,1026.578,800.000,800.000,800.000,800.000
1722356787.3283026,3099.992,3100.000,3099.992,800.000,3100.000,800.000,3100.000,800.000,3100.007,800.000,3100.007,800.000,3100.007,800.000,3100.000,800.000,800.000,800.000,800.000,1185.989,800.000,800.000,800.000,800.000
1722356788.3441901,3100.000,3099.989,3100.000,800.000,3100.000,800.000,3100.000,800.000,3099.992,800.000,3100.000,800.000,3100.000,800.000,3099.992,800.000,800.000,800.000,800.000,1464.392,800.000,800.000,800.000,800.000
1722356789.3598769,3100.007,3099.979,3100.000,800.000,3100.007,800.000,3100.000,800.000,3100.000,800.000,3100.000,800.000,3100.007,800.000,3100.007,800.000,800.000,800.000,800.000,1611.337,800.000,800.000,800.000,800.000
1722356790.3762188,3100.000,3100.005,3100.000,800.000,3100.000,800.000,3100.000,800.000,3099.992,800.000,3100.007,800.000,3100.000,800.000,3099.992,800.000,800.000,800.000,800.000,1712.216,800.000,800.000,800.000,800.000
1722356791.3923826,3100.000,3100.000,3100.007,800.000,3100.007,800.000,3099.992,800.000,3100.007,800.000,3100.000,800.000,3100.000,800.000,3099.992,800.000,800.000,800.000,800.000,1605.537,800.000,800.000,800.000,800.000
1722356792.4078224,3099.992,3099.994,3100.000,800.000,3100.000,800.000,3100.007,800.000,3100.000,800.000,3099.992,800.000,3100.007,800.000,3100.000,800.000,800.000,800.000,800.000,1601.711,800.000,800.000,800.000,800.000
1722356793.4237528,3100.000,3100.000,3100.000,800.000,3100.000,800.000,3099.992,800.000,3100.000,800.000,3100.000,800.000,3100.000,800.000,3099.992,800.000,800.000,800.000,800.000,1657.221,800.000,800.000,800.000,800.000
1722356794.4399488,3100.000,3099.989,3100.000,800.000,3100.000,800.000,3100.000,800.000,3100.000,800.000,3099.992,800.000,3100.007,800.000,3100.000,800.000,800.000,800.000,800.000,1600.547,800.000,800.000,800.000,800.000
1722356795.4555779,3100.007,3099.980,3100.007,800.000,3099.992,800.000,3100.000,800.000,3099.992,800.000,3100.007,800.000,3099.992,800.000,3100.007,800.000,800.000,800.000,800.000,1673.982,800.000,800.000,800.000,800.000
1722356796.471706,3100.007,3099.994,3100.007,800.000,3100.007,800.000,3100.000,800.000,3100.000,800.000,3100.007,800.000,3100.000,800.000,3099.992,800.000,800.000,800.000,800.000,1605.641,800.000,800.000,800.000,800.000
1722356797.4883027,3100.000,3100.000,3100.007,800.000,3100.000,800.000,3100.000,800.000,3100.000,800.000,3100.000,800.000,3100.000,800.000,3100.000,800.000,800.000,800.000,800.000,1827.308,800.000,800.000,1169.227,800.000
1722356798.5049093,3200.000,3200.014,3199.991,800.000,3199.991,800.000,3200.008,800.000,3200.008,800.000,3199.991,800.000,3200.008,800.000,3200.000,800.000,800.000,800.000,800.000,1695.496,800.000,800.000,800.000,800.000
1722356799.5210712,3100.007,3099.986,3100.000,800.000,3099.992,800.000,3100.000,800.000,3100.007,800.000,3100.000,800.000,3100.000,800.000,3100.000,800.000,800.000,800.000,799.717,1630.507,800.000,800.000,800.000,800.000
1722356800.5372627,3099.992,3099.989,3099.992,800.000,3100.000,800.000,3100.000,800.000,3100.007,800.000,3100.000,800.000,3100.000,800.000,3099.992,800.000,800.000,800.000,800.000,1696.533,800.000,800.000,800.000,800.000
1722356801.5536506,3100.007,3099.985,3100.007,800.000,3100.000,800.000,3100.000,800.000,3100.000,800.000,3100.000,800.000,3100.000,800.000,3100.000,800.000,800.000,800.000,800.000,1751.653,800.000,800.000,800.000,800.000
1722356802.5697992,3100.000,3100.027,3100.000,800.000,3100.000,800.000,3100.000,800.000,3099.992,800.000,3100.000,800.000,3099.992,800.000,3100.007,800.000,800.000,800.000,793.437,1863.548,1892.907,800.000,800.000,800.000
1722356803.5856879,3100.007,3099.973,3100.000,800.000,3099.992,800.000,3099.992,800.000,3100.000,800.000,3100.000,800.000,3100.000,800.000,3099.992,800.000,800.000,800.000,2382.114,1598.176,800.000,800.000,800.000,800.000
1722356804.602054,3099.992,3100.000,3099.992,800.000,3100.000,800.000,3100.007,800.000,3100.000,800.000,3099.992,800.000,3099.992,800.000,3099.992,800.000,800.000,800.000,2360.944,1538.597,800.000,800.000,800.000,800.000
1722356805.6177516,3100.007,3099.974,3100.000,800.000,3099.992,800.000,3099.992,800.000,3100.000,800.000,3100.007,800.000,3099.992,800.000,3100.000,800.000,800.000,800.000,1225.151,1407.768,800.000,991.325,800.000,800.000
1722356806.6338174,3099.992,3100.013,3100.007,800.000,3100.007,800.000,3100.000,800.000,3100.007,800.000,3100.007,800.000,3100.000,800.000,3100.000,800.000,800.000,800.000,800.000,1692.802,800.000,800.000,800.000,800.000
1722356807.6498253,3100.000,3100.000,3100.007,800.000,3100.000,800.000,3099.992,800.000,3100.007,800.000,3100.000,800.000,3100.000,800.000,3100.007,800.000,800.000,800.000,800.000,1584.223,800.000,2262.486,800.000,800.000
1722356808.6661313,3100.000,3100.000,3100.000,800.000,3100.000,800.000,3100.007,800.000,3100.007,800.000,3100.007,3100.000,3099.992,800.000,3100.000,800.000,800.000,799.649,800.000,1584.442,800.000,800.000,800.000,800.000
1722356809.682712,3099.992,3100.000,3100.007,800.000,3099.992,800.000,3099.992,800.000,3099.992,800.000,3100.000,800.000,3099.992,800.000,3100.007,800.000,800.000,800.000,800.000,1587.226,800.000,800.000,800.000,800.000
1722356810.697824,3100.000,3100.013,3100.007,800.000,3100.000,800.000,3100.000,800.000,3100.000,800.000,3099.992,800.000,3100.007,800.000,3100.007,800.000,800.000,800.000,800.000,1645.707,800.000,800.000,800.000,800.000
1722356811.7140036,3100.000,3100.000,3099.992,800.000,3100.007,800.000,3099.992,800.000,3100.007,800.000,3099.992,800.000,3100.007,800.000,3099.992,800.000,800.000,800.000,800.000,1478.711,800.000,800.000,800.000,800.000
1722356812.7301443,3100.007,3100.000,3100.007,800.000,3100.007,800.000,3100.000,800.000,3099.992,800.000,3100.000,800.000,3100.000,800.000,3099.992,800.000,800.000,800.000,800.000,1654.785,800.000,800.000,800.000,800.000
1722356813.7462664,3099.992,3100.027,3100.007,800.000,3099.992,800.000,3100.000,800.000,3100.000,800.000,3099.992,3100.000,3100.000,800.000,3100.007,800.000,800.000,800.000,800.000,1616.753,800.000,800.000,800.000,800.000
1722356814.7621727,3099.992,3100.000,3100.000,800.000,3099.992,800.000,3099.992,800.000,3100.000,800.000,3100.000,800.000,3100.000,800.000,3100.007,800.000,800.000,800.000,800.000,1694.812,800.000,800.000,800.000,800.000
1722356815.777899,3099.992,3100.000,3099.992,800.000,3100.000,800.000,3100.007,800.000,3100.007,800.000,3100.000,800.000,3099.992,800.000,3100.007,800.000,800.000,800.000,800.000,1538.035,800.000,800.000,800.000,800.000
1722356816.7938437,3100.194,3100.013,3100.000,800.000,3100.000,800.000,3099.992,800.000,3100.000,800.000,3100.007,800.000,3100.007,800.000,3100.000,800.000,800.000,800.000,800.000,1566.818,800.000,800.000,800.000,800.000
1722356817.8097968,3100.000,3099.987,3099.992,800.000,3100.000,800.000,3100.000,800.000,3100.000,800.000,3100.000,800.000,3099.992,800.000,3100.000,800.000,800.000,800.000,800.000,1613.217,800.000,798.631,800.000,800.000
1722356818.825928,3100.000,3099.986,3100.000,800.000,3100.007,800.000,3100.000,800.000,3100.000,800.000,3100.000,800.000,3100.007,800.000,3100.000,800.000,800.000,800.000,800.000,1719.433,800.000,800.000,800.000,800.000
1722356819.8420298,3100.000,3100.000,3099.992,800.000,3100.000,800.000,3100.000,800.000,3099.992,800.000,3100.000,800.000,3099.992,800.000,3100.000,800.000,800.000,800.000,800.000,1683.035,800.000,800.000,800.000,800.000
1722356820.8573978,3100.007,3100.011,3100.007,800.000,3100.000,800.000,3099.992,800.000,3099.992,800.000,3100.000,800.000,3100.000,800.000,3100.000,800.000,800.000,800.000,800.000,1218.567,800.000,800.000,800.000,800.000
1722356821.8739343,3099.992,3099.986,3100.000,800.000,3100.007,800.000,3100.007,800.000,3100.000,800.000,3099.992,800.000,3100.000,800.000,3100.000,800.000,800.000,800.000,800.000,1879.523,800.000,800.000,800.000,800.000
1722356822.8898787,3099.992,3099.986,3100.000,800.000,3100.007,800.000,3100.000,800.000,3100.007,800.000,3100.000,800.000,3100.007,800.000,3100.000,800.000,800.000,800.000,800.000,1752.324,800.000,800.000,800.000,800.000
1722356823.9066322,3100.007,3100.000,3099.992,800.000,3099.992,800.000,3100.000,800.000,3100.000,800.000,3099.992,800.000,3099.992,800.000,3100.000,800.000,800.000,800.000,800.000,1482.662,800.000,800.000,800.000,800.000
1722356824.9231117,3100.000,3100.000,3100.000,800.000,3100.000,800.000,3100.000,800.000,3100.000,800.000,3100.007,800.000,3099.992,800.000,3100.000,800.000,800.000,800.000,800.000,1691.591,800.000,800.000,800.000,800.000
1722356825.9393492,3100.031,3100.031,3100.000,800.000,3099.992,800.000,3100.000,800.000,3100.000,800.000,3100.000,800.000,3100.007,800.000,3100.000,800.000,800.000,800.000,800.000,1612.762,800.000,800.000,800.000,800.000
1722356826.9556217,3100.000,3100.000,3099.992,800.000,3100.007,800.000,3100.007,800.000,3100.000,800.000,3100.007,800.000,3100.000,800.000,3100.000,800.000,800.000,800.000,800.000,1615.843,800.000,800.000,800.000,800.000
1722356827.972025,3100.000,3100.000,3100.000,800.000,3100.000,800.000,3100.007,800.000,3100.000,800.000,3100.007,800.000,3099.992,800.000,3099.992,800.000,800.000,800.000,800.000,1338.633,800.000,800.000,800.000,800.000
1722356828.9882689,3099.992,3100.011,3100.000,800.000,3099.992,800.000,3100.000,800.000,3100.007,800.000,3100.000,800.000,3099.992,800.000,3100.007,800.000,800.000,800.000,800.000,1494.113,800.000,800.000,800.000,800.000
1722356830.0042858,3100.000,3100.000,3100.007,3098.623,3100.000,800.000,3100.007,800.000,3100.000,800.000,3100.000,800.000,3100.000,800.000,3099.992,800.000,800.000,800.000,800.000,1445.802,800.000,800.000,800.000,800.000
1722356831.0208676,3099.968,3100.012,3099.992,3100.254,3100.000,800.000,3099.992,800.000,3100.000,800.000,3099.992,800.000,3100.000,800.000,3100.007,800.000,800.000,800.000,800.000,1555.944,800.000,800.000,800.000,800.000
1722356832.0376437,3099.992,3099.610,3100.000,800.000,3099.992,800.000,3100.000,800.000,3100.007,800.000,3099.992,800.000,3100.000,800.000,3099.992,800.000,800.000,800.000,800.000,1807.181,800.000,800.000,800.000,800.000
1722356833.0529175,3141.820,3156.962,3141.788,800.000,3141.774,800.000,3141.789,800.000,3141.809,800.000,3141.801,800.000,3141.775,800.000,3141.777,800.000,800.000,800.000,800.000,1734.722,800.000,800.000,800.000,800.000
1722356834.0689037,3100.000,3099.987,3099.992,800.000,3100.000,800.000,3100.000,800.000,3100.000,800.000,3100.007,800.000,3100.000,800.000,3100.007,800.000,800.000,800.000,800.000,1716.876,800.000,800.000,800.000,800.000
1722356835.084095,3099.992,3099.988,3100.000,800.000,3100.000,800.000,3099.992,800.000,3100.007,800.000,3100.000,800.000,3100.007,800.000,3100.000,800.000,800.000,800.000,800.000,1696.306,800.000,800.000,800.000,800.000
1722356836.1001523,3099.992,3099.950,3099.992,800.000,3100.000,800.000,3100.007,800.000,3100.007,800.000,3099.992,800.000,3100.007,800.000,3099.992,800.000,800.000,800.000,800.000,1629.978,800.000,800.000,800.000,800.000
1722356837.115663,3100.000,3100.000,3100.000,800.000,3100.000,800.000,3100.007,800.000,3100.000,800.000,3100.000,800.000,3100.000,800.000,3100.000,800.000,800.000,800.000,800.000,1659.762,800.000,800.000,800.000,800.000
1722356838.1333928,3178.653,3192.364,3178.617,800.000,3178.609,800.000,3178.604,800.000,3178.645,800.000,3178.610,800.000,3178.610,800.000,3178.628,800.000,800.000,800.000,800.000,1245.628,800.000,800.000,800.000,800.000
1722356839.1495469,3100.000,3100.000,3099.992,800.000,3099.992,800.000,3099.992,800.000,3099.992,800.000,3100.000,800.000,3099.992,800.000,3099.992,800.000,800.000,800.000,800.000,1608.689,800.000,800.000,800.000,800.000
1722356840.1669428,3145.170,3128.420,3145.156,800.000,3145.155,800.000,3145.145,800.000,3145.160,800.000,3145.148,800.000,3145.161,800.000,3145.168,800.000,800.000,800.000,800.000,1531.893,800.000,800.000,800.000,800.000
1722356841.1829705,3100.007,3099.987,3100.007,800.000,3099.992,800.000,3099.906,800.000,3100.000,800.000,3100.007,800.000,3100.000,800.000,3100.007,800.000,800.000,800.000,800.000,1625.654,800.000,800.000,800.000,800.000
1722356842.2002103,3172.570,3175.994,3172.582,800.000,3172.564,800.000,3172.566,800.000,3172.572,800.000,3172.566,800.000,3172.568,800.000,3172.576,800.000,800.000,800.000,800.000,1669.489,800.000,800.000,800.000,800.000
1722356843.216418,3100.000,3100.011,3100.000,800.000,3099.992,800.000,3099.992,800.000,3100.000,800.000,3100.007,800.000,3100.007,800.000,3100.000,800.000,800.000,1175.220,800.000,1690.633,800.000,800.000,800.000,800.000
1722356844.23346,3174.082,3182.838,3174.096,800.000,3174.066,800.000,3174.072,800.000,3174.065,800.000,3174.079,800.000,3174.101,800.000,3174.106,800.000,800.000,800.000,800.000,1501.187,800.000,800.000,800.000,800.000
1722356845.2495065,3100.000,3100.000,3100.000,800.000,3099.992,800.000,3099.992,800.000,3100.007,800.000,3099.992,800.000,3100.000,800.000,3100.000,800.000,800.000,800.000,800.000,1739.324,800.000,800.000,800.000,800.000
1722356846.2661355,3115.508,3120.420,3119.108,3194.828,3119.401,800.000,3096.975,800.000,3085.184,800.000,3085.659,800.000,3115.462,800.000,3087.127,800.000,800.000,800.000,800.000,1679.774,800.000,800.000,800.000,800.000
